{
  "interactionModel": {
    "languageModel": {
      "invocationName": "desafio rápido",
      "intents": [
        {
          "name": "StartChallengeIntent",
          "samples": [
            "começar",
            "iniciar desafio",
            "vamos jogar",
            "começar desafio"
          ]
        },
        {
          "name": "AnswerIntent",
          "slots": [
            {
              "name": "userAnswer",
              "type": "AMAZON.SearchQuery"
            }
          ],
          "samples": [
            "{userAnswer}"
          ]
        },
        {
          "name": "AMAZON.HelpIntent",
          "samples": []
        },
        {
          "name": "AMAZON.CancelIntent",
          "samples": []
        },
        {
          "name": "AMAZON.StopIntent",
          "samples": []
        }
      ]
    }
  }
}
